processed_text,sentiment,review_length
h√¥tel exceptionnel c≈ìur tun recommand viv tout person passag mission centr personnel d‚Äôun grand gentilless tres professionnel immens merc r√©ception saousen ‚Ä¶,Positive,22
bonjour √©cris fair part immens d√©cept ‚Äì √™tre ‚Ä¶,Neutral,9
v√©rit hont l‚Äôh√¥teller tunisien cet √©tabl n‚Äôa absolu rien d‚Äôun h√¥tel professionnel l‚Äôambianc indign d‚Äôun lieu cens accueil voyageur ‚Äî impossibl d‚Äôy trouv moindr calm repos ‚Ä¶,Neutral,27
excellent s√©jour business h√¥tel j‚Äôai pass s√©jour exceptionnel cet √©tabl l‚Äôemplac parf plein c≈ìur tun facilit d√©plac affair ‚Ä¶,Positive,19
tres bon h√¥tel tres propr servic impecc personnel tres gentil restaur top ains petit d√©jeun recommandon,Positive,16
l‚Äôh√¥tel offre cadr agr√©abl calm propic d√©tent l‚Äôambianc chaleur personnel l‚Äôensembl accueil servic correct nourritur bon pourr √™tre peu plus vari quelqu ‚Ä¶,Positive,23
v√©rit sansfaut ‚Äì r√©f√©rent tun h√¥tel servic √©toil lux j‚Äôai s√©journ business h√¥tel tun ‚Äì montplais peux recommand chaud cet √©tabl coch absolu tout ‚Ä¶,Positive,25
l‚Äôhotel bon ladiscothequ jusqu√† h matin auss aujourd‚Äôhui apres deux nuite l‚Äôhotel reception m‚Äôa demand pai consomm min bar lachambr malgr n‚Äôai rien consomm a insist pai n‚Äôai rien consomm,Positive,30
j‚Äôai pass excellent s√©jour business hotel l‚Äô√©tabl propr bien entretenu parfait adapt s√©jour professionnel grand merc tout personnel gentilless professionnal ‚Ä¶,Positive,21
tres bon hotel propr personnel tre gentill serviabl pet d√©jeun a hauteur √©toil a refair,Positive,15
tres bel h√¥tel propr chaleur personnel extraordinair tres r√©actif serviabl grand gentilless conqu ambianc g√©n√©ral si a point n√©gat trouv manqu lumi ‚Ä¶,Positive,23
magnif h√¥tel √©quip tres professionnel recommand fort üá©üáøüáπüá≥ ‚Ä¶,Positive,9
h√¥tel sublim tres pratiqu nourritur d√©lici personnel accueil chaleur surtout marou fill r√©cept chambr tres sup propres‚ù§Ô∏è,Neutral,17
j‚Äôai r√©serv booking suit mois avant d‚Äôarriv garant r√©serv cart cr√©ditl jour dev arriv l‚Äôh√¥tel h a h re√ßois notif booking cart refus pai ‚Ä¶,Neutral,25
jai pass jour cet h√¥tel franch impecc lh√¥tel propr chambr tres symp personnel tres pro tres symp √©gal peux boir verr roof top a l√©tag jai bien appr√©ci ‚Ä¶,Neutral,29
s√©journ pension cet h√¥telendroit propr cuisin tres copieux pension sp√©cial l√©quip monsieur s√©cur üòâ mohamed bel oumaim mim tous aid mieux merc ‚Ä¶,Positive,23
s√©journ plusieur fois a lh√¥tel business hotel tun cest vrai tres bel h√¥tel pratiqu bien situ rapport besoin merc a tte l√©quip sest occup dur s√©jour d√©but mar ‚Ä¶,Positive,29
tres bel h√¥tel chambr spacieux dun propret impecc deux bar dont derni √©tag o√π lon peut boir cocktail regard vu servic impecc cet h√¥tel fr√¥l pratiqu perfect recommand ‚Ä¶,Positive,29
j‚Äôai pass semain cet h√¥tel j‚Äôet tres satisfait √©quip chaleur commenc r√©cept traver oumaim r√©ception tres accueil d√© arriv l‚Äô√©quip s√©cur auss tres ‚Ä¶,Positive,24
‚ÄºÔ∏è‚ÄºÔ∏è√† cherch l‚Äôav plus honn√™t ‚ÄºÔ∏è‚ÄºÔ∏è bel entr√© odeur jasmin caress narinesüå∏üå∏ ‚Ä¶,Positive,13
tout bien seul inconv√©nient musiqu tap oreil jusqu√† h matin malgr maint r√©clam,Neutral,13
horribl pass chemin discothequ lh√¥tel pass pir nuit tunis tout simpl h√¥tel voyageon beaucoup ‚Ä¶,Positive,15
tres bon chambr personnel top trop brui nuit aller cet h√¥tel repos grand chos a fair alentour a pied,Positive,19
h√¥tel bo√Æt nuit toit‚Ä¶ a bruit tous soir impossibl dorm avant h matin probl√©mat h√¥tel ¬´ business ¬ª c‚Äôest dommag car chambr bien personnel agr√©abl,Neutral,25
accueil chaleur personnel l√©cout servic impecc nourritur boisson ‚ù§Ô∏è,Neutral,9
impeccabled laccueil souri tout l√©quip petitd√©jeun d√©lici copieux tres vari s√©jour encor fois parf propret chambr d√©cor recherch liter xxl repos bien m√©rit prim lun sky bar loung restaur tres tendanc musiqu liv,Neutral,33
hotel magnif propr personnel tres chaleur bouff vrai d√©lici serveur professionnel riadh merc magnif accueil mme sawssen r√©cept ador ü•∞ ‚Ä¶,Neutral,21
chambr agr√©abl global propr bar eme √©tag agr√©abl accueil agr√©abl revanch √©tabl voisin bar l√©tag musiqu fond ‚Ä¶,Neutral,18
lh√¥tel qualit pr√©senc dun boit nuit roof top permet trouv calm lon peut esper dorm cest dommag,Neutral,17
franch arnaqu a ciel ouvert j‚Äôai s√©journ pend jour j‚Äôai voulu demand l‚Äôav habill machin disent tout pass bien jusqu‚Äô√† fin s√©jour demand regl dinar ‚Ä¶,Positive,26
h√¥tel propr d√©cor go√ªt personnel tres sympath liter tres confort lit gigantesqu ‚Ä¶,Neutral,13
cet h√¥tel devr √™tre √©toil plut√¥t √©toil chambr joint douch crasseux a trac doigt gras peu partout d√©co vu chambr don autr appart bruit ‚Ä¶,Negative,25
vrai bon choix sejour professionnel tun personnel tres disponibl professionnel chambr impecc tous servic n√©cessair superb qualit restaur disponibl sein l√©tabl ‚Ä¶,Positive,22
posit excellent pet d√©jeun tres vari bon h√¥tel propr bon servic ‚Ä¶,Positive,12
tres bel h√¥tel confort propr servic qualit met succulent plus rooftop moin peu brui nuit manqu qu‚Äôun sall sport parfair servic cet h√¥tel,Positive,23
pass excellent s√©jour suit hannibal rien dir chambr vrai parfait tien remerci saoussen accueil disponibil sourir ‚Ä¶,Positive,17
pet hotel centr vill bon emplac servic tr√© aimabl chambr propr bon rapport qualit prix petit moin vu ru bruit sonos deux bar lhotel nuit weekend recommand difficil trouv mieux prix,Positive,31
bonjour d√©conseil cet h√¥tel surtout si cest s√©jour professionnel premi soir oblig chang drap t√¢ch nourriturechambr tres mal insonoris demand tax ‚Ä¶,Negative,22
pens commenc posit alor chambr n‚Äôai rien dir c‚Äôest r√©cept auss personnel l‚Äô√©cout client pend point d√©plais ‚Ä¶,Neutral,18
business h√¥tel h√¥tel o√π l‚Äôon sent comm chez soic m√©rit revient personnel chaleur dynam sympath surtout professionnel ‚Ä¶,Positive,18
excellent h√¥tel personnel disponibl souri agr√©abl tres gentil room servic qualit chambr propr lit tres confort ‚Ä¶,Positive,17
servic irr√©proch collabor collabor cet √©tabl tres cordial efficac chambr tres confort lit haut qualit servic chambr sup √©tabl recommand tout leur prestat,Positive,23
concern the lun sky loung √®me bel endroit ambianc tres bon rep copieux d√©lici b√©mol musiqu tres fort donc pratiqu soir group s‚Äôentendr parl serveur chaleur accueil a l‚Äô√©cou,Positive,29
servic parf tres bel accueil personnel top tres tres bel chambr recommand monsieur eric,Positive,14
r√©serv fait vi h√¥tel bed pai d√©bit a arriv res cacophon total resolv situat car h√¥tel rien a voir problem passag sit evit car problem arriv deux ‚Ä¶,Neutral,28
h√¥tel nest compatibl tout una bo√Æt nuit jou musiqu tr√© fort nuit point lon peut √©cout d√© chambr doivent chois sil veulent √™tre h√¥tel bien bo√Æt nuit san aucun ‚Ä¶,Positive,30
h√¥tel bien situ plein centr tun chambresuit tres propr chaleur pet d√©jeun top vari√©sviennoiseriescrepesfruitsyaourtsnb point plus fort personnel top toujour l√©cout merc a,Positive,23
j‚Äôy l‚Äôinst o√π j‚Äôecr commentair merc moment exceptionnel r√©serv suit c‚Äôest san regret tout parf pass moment plus agr√©abl merc infin reviendron tres vit,Positive,24
catastroph bo√Æt nuit er etag mur lh√¥tel carton plaint r√©cept tout personnel sen fout jam vu ca h√¥tel pr√©tend business pratiqu tarif ahur,Positive,23
hotel tres bien plac chambr correspondent photo nois avion pourtan pris chambr sup√©rieur chambr nest tres propr sall baim nickel contr tres bon petitd√©jeun tout etais bon neuf,Positive,28
passag nuit business h√¥tel tun passag r√©uss liter tres confort ident standard europ√©en chambr bien √©quip min bar nespresso ect ‚Ä¶,Neutral,21
voyag pro tres bel accueil personnel chaleur gentil l‚Äô√©cout r√©pondr demand plat tres copieux rebond contr bruit nuit musiqu jusqu√† minuit voir plus tard caus ‚Ä¶,Positive,26
met √©toil pourt jador met d√©tail point posit √©toil laccueil restaur menu top üîù lhygien chambr extra lit excellent d√©tail douch verr ‚Ä¶,Positive,23
bon h√¥tel simpl propr tout soir entend musiqu bo√Æt nuit trouv derni √©tag l‚Äôh√¥tel,Positive,14
a pass nuit suit √®me √©tag cet top personnel serviabl souri pet d√©jeun vari correct,Positive,15
cadr tres modern chaleur pet b√©mol environ tourist lh√¥tel soigneux d√©cor propr loung topissim üëçüòú ‚Ä¶,Positive,16
h√¥tel top personnel tres sympath chambr grand class lit sup confort propret irr√©proch recommand fort cet √©tabl,Positive,17
accueil chaleur servic soign excellent h√¥tel business,Positive,7
chambr confort personnel accueil cuisin correct just pet b√©mol lun sky peu brui di just dessous cest tel agr√©abl dy pass moment quon pardon presqu üòú ‚Ä¶,Positive,27
hotel peux cher fac servic trop bruit nuit caus disco demand pet deuj chambr oubli,Negative,15
jai beaucoup aim cet h√¥tel accueil tres chaleur personnel a √©cout particuli mr bibel servic mainten a intervenu dur s√©jour tres bon technicien gard pr√©cieux recommand cet h√¥tel si souhzit pass bon s√©jour mr mme tlil,Positive,36
v√©rit vitrin tunis modern alli modern ident business hotel h√¥tel d‚Äôaffair c≈ìur centr vill tun id√©al situ quarti d‚Äôaffair montplais mn celui berg lac ‚Ä¶,Positive,25
trop bruit bar nest h√¥tel destin a s√©jour professionnel sall bain tres propr tres mauvais odeur serviet bain tres d√©√ßu,Negative,20
bjsiness hotel bon hotel centr vill con beaucoup plus soire hivernal rooftop bien organis group invit symp not negat porti a hauteur endroit,Neutral,23
comport mafieux r√©serv suppr r√©serv quelqu heur apres arriv lhotel pend voyag lavion,Neutral,13
jy all√© mang bon ambianc peut fum lint√©rieur cest peu plus cher dautr restaur tun,Positive,15
lieu sympath tranquill h jusqu h puis ya musiqu liv sinon bb bien sup servic peu lent,Negative,17
tres difficil trouv o√π gar chambr tres brouill nuit impossibl dorm calm caus restaur spectacl √®me etag sercic tres lent,Negative,20
personnel tres agr√©abl trop bruit restaur bo√Æt nuit er eme √©tag weekend,Neutral,12
chaleur convivial emplac tres d√©licat peut gar facil laccessibil auss tres difficil voitur pend journ,Positive,15
bel √©tabl tres bon accueil tt ok sauf √©clairag sdb faibl,Positive,11
accueil tres chaleur chambr propr petitd√©jeun copieux rooftop agr√©abl,Neutral,9
tres bon h√¥tel personnel agr√©abl propret calm,Positive,7
bel exp√©rient,Positive,2
deux bar cet √©tabl sint formel interdit indigen non privil√©gi sous pr√©text dr√¥l fragil jesper quil courag mention clair √©pargn humili gratuit port,Neutral,23
propr,Neutral,1
structur clean personnel aimabl seul min la√©roport seul souc wif march,Neutral,11
superb tre calm gen tre gentil chaleur seulment jai pass heur trouv voitur revien conseil,Positive,15
h√¥tel symp centr detun contr gar faut aller desserv transport,Neutral,10
sup ambianc exelent accueil part recept monsieur mana ayar remerc √©norm,Neutral,11
jai pass agr√©abl s√©jour cet √©tabl mention sp√©cial sawsan sofian amir,Positive,11
loung restaur qualit reviendron l‚Äôh√¥tel,Neutral,5
sup accueil personnel tres compet serviabl tres gentil,Positive,8
chambr nikel personel pet soin seul bemol bruit boit nuit sauf f√©tard vrai aubain,Neutral,14
excellent servic lh√¥tess daccueil rihab souri professionnel,Positive,7
ger lun sky mm pa communiqu client dun fa√ßon respect,Neutral,10
servic top chambr impecc recommand yeux ferm merc ‚ù§Ô∏è,Neutral,9
tres bon ambianc ok hygien ok bouff ok agent s√©cur respectu no,Positive,12
tre convivial accueil cadr idyll,Neutral,5
tres mauv h√¥tel conseil fair bon gateau,Positive,7
lieu convivial staff tres accueil,Neutral,5
bon s√©jour malgr musiqu tres fort weekend,Positive,7
top buffet d√©jeun sp√©cial local excellent,Positive,6
tres cher rapport qualit√©prix faut meilleur servic prix l√†,Neutral,9
servic nest tres rapid dur heur fort affluenc,Neutral,8
parm meilleur h√¥tel √©toil,Positive,4
parking a lext√©rieur lh√¥tel,Neutral,4
top top,Neutral,2
staff ü•á‚úÖ ‚Ä¶,Neutral,3
lieu agr√©abl correct personnel professionnel,Positive,5
excellent buffet servic,Positive,3
lieu chaleur bon restaur,Positive,4
confort pratiqu plein centr vill,Positive,5
symp trop cher,Negative,3
tres beau h√¥tel,Positive,3
bon hotel,Positive,2
tres bon accueil servic,Positive,4
r√©ception souri serviabl,Neutral,3
tres bel coin,Positive,3
lador,Neutral,1
no text,Neutral,2
endroit tres sympath,Neutral,3
lux,Neutral,1
bien,Neutral,1
bon ambianc,Positive,2
excellent,Positive,1
lieux agr√©abl,Neutral,2
comm maison,Neutral,2
h√¥tel vill centr vill,Neutral,4
ambianc intim,Neutral,2
h√¥tel voyag daffair,Neutral,3
magnif,Neutral,1
üè©üè©üè©üè©üç∏üç∫üç∑üçπüçªüçñüçóüç¢üç°üçùüåáüåá ‚Ä¶,Neutral,2
h√¥tel professionnel,Positive,2
pai tnd chambr tnd d√Æn restaur l‚Äôh√¥tel moment d√©part r√©cept a fait attendr v√©rifi minibar‚Ä¶ alor qu‚Äôil conten chos dep tnd ‚Ä¶,Neutral,22
lh√¥tel bien situ plein centr tun quarti montplais proxim lavenu habib bourguib m√©tro chambr propr climatis insonoris plut√¥t petit restaur espac ‚Ä¶,Positive,22
lh√¥tel magnif tres propr personnel r√©cept accueil toujour souri chambr peu petit lit tres confort ‚Ä¶,Neutral,16
musiqu club r√©son emp√™ch dorm tout nuit r√©ception arriv d√©sagr√© a dit asseoir pend quel v√©rifi passeport fait sattend ‚Ä¶,Positive,20
tant quancien h√¥teli jai chaleur accueil r√©cept chambr tres propr hasan monsieur sest occup transfert ver sfax sest montr particuli serviabl pr√©ven recommand viv cet h√¥tel,Neutral,26
√©quip formid sympath tres serviabl omaym r√©ception exceptionnel fait sent comm maison pend s√©jour ‚Ä¶,Positive,15
business hotel distingu propret qualit servic personnel r√©cept exceptionnel jai accueil mme susan trait plus grand professionnal offert surclass ‚Ä¶,Positive,20
cest tres bel h√¥tel laccueil r√©cept parf tout personnel attention cest h√¥tel dun propret irr√©proch,Positive,15
d√©but dit ressort maghreb pai tax s√©jour dev simpl pr√©sent docu prouv national marocain moment d√©part soudain chang ‚Ä¶,Neutral,19
chambr peu petit vaut mieux √©vit chambr pres toit caus bruit bar,Neutral,12
r√©ception tres accueil surtout mohamed serviabl tres sympath suit agr√©abl pr√©par pet d√©jeun heur matin avant vol recommand cet h√¥tel,Neutral,20
jai ador s√©jour business hotel latmospher lh√¥tel relax petitd√©jeun d√©lici grand merc omaim mohammed r√©cept tres gentil serviabl merc,Positive,19
s√©journ cet h√¥tel voyag trois jour vill malheur lexp√©rient na r√©pondu attent ‚Ä¶,Neutral,13
proch la√©roport minut voitur gar jy pass nuit cest correct rien sp√©cial ‚Ä¶,Neutral,13
plus beau h√¥tel tun offrant servic exceptionnel prestat luxueux emplac id√©al proxim l‚Äôa√©roport mus bardo m√©dina‚Ä¶ chambr propr confort personnel tres aimabl serviabl accueil,Positive,24
symp propr convivial musiqu disco vrai trop agac,Neutral,8
jai pass s√©jour global agr√©abl chambr propr bien entretenu lexcept quelqu ‚Ä¶,Neutral,12
bon h√¥tel conform standard local prix raison personnel tres aimabl nourritur bon fra√Æch petitd√©jeun propos larg choix emplac strateg travailleur ‚Ä¶,Positive,21
chambr tres propr bien situ servic serviabl,Neutral,7
jai s√©journ lh√¥tel samed soir entre deux vol lenregistr a tres rapid s√©cur lentr professionnel cepend musiqu pubbo√Æt nuit insupport pend jet r√©cept ‚Ä¶,Positive,24
avis tatjan m√∂lter a jour googl mar pass jour cet h√¥tel chambr correct petitd√©jeun passabl tout cel import peu puisqu navon ferm l≈ìil ‚Ä¶,Positive,24
cest peut√™tr troisiem fois s√©journ cet h√¥tel jai d√©cid partag avis car m√©rit vrai excellent critiqu jy pass jour long voyag daffair jai ador emplac id√©al ‚Ä¶,Positive,27
tout parf,Positive,2
lemplac lh√¥tel discut tout comm linsonoris fen√™tr don ru cest tout trouv h√¥tel d√©cor beaucoup go√ªt dun propret exceptionnel personnel incroi ‚Ä¶,Positive,22
lh√¥tel business lun meilleur jy s√©journ septembr souhait partag exp√©rient cet h√¥tel vrai exceptionnel personnel extr√™m aimabl pol chambr impecc ‚Ä¶,Positive,21
cest h√¥tel raison situ centr vill tunis peux dir cest h√¥tel lux cest bon option ceux aiment s√©journ h√¥tel prix servic raison,Positive,22
excellent h√¥tel nourritur parfait personnel tres sympath disponibl voic quelqu conseil am√©lior lexp√©rient r√©duis bruit proven toit car peut √™tre difficil dorm nuit utilis shampoing apr√®sshampoing meilleur qualit,Positive,28
jai r√©serv sit lh√¥tel arriv r√©serv nav fonction dit sit hor servic depuis trois mois chambr cens √™tre nonfumeur sent fum ‚Ä¶,Neutral,22
lh√¥tel vrai symp chambr propr confort fais vrai chaud climatis fais rien tout a auss bar toit √®me √©tag diffus musiqu fond donc difficil dorm,Neutral,25
f√©licit jai pass excellent moment personnel tres aimabl serviabl grand merc marw mariam saoussen d√©sol rep plat arriv temp entr√© plat principal dessert refroid glac not fond pr√©fer pr√©par deux fois,Neutral,31
meilleur soir tun merc,Positive,4
magnif h√¥tel merc mehd narj maryam respons s√©cur tout personnel cest h√¥tel vrai √©leg personnel extr√™m pol courtois petitd√©jeun l√©gendair,Positive,20
cest h√¥tel fantast tres modern bien situ personnel charm servic impecc petitd√©jeun d√©lici dexcellent qualit jy s√©journ deux fois premi fois arriv annonc ‚Ä¶,Neutral,24
tres bel h√¥tel malheur trop brui soir caus salon ciel ouvert situ sixiem √©tag entend musiqu bass puiss jusquau deuxiem √©tag cest donc h√¥tel daffair ‚Ä¶,Positive,26
net premi fois lun sky hi soir amis vont assez souvent jai donc loccas accompagn deux fois fois anniversair puisquil chois f√™t l√†b hi soir ‚Ä¶,Positive,26
l√©tabl propr personnel tres aimabl professionnel r√©cept jai not rencontr mana aid trouv tax r√©serv restaur rentr la√©roport tax dev part tres t√¥t matin jai re√ßu petitd√©jeun chambr h excellent servic,Positive,31
h√¥tel tres agr√©abl r√©cent vrai centr tout fort recommand voyag daffair chambr propr bon servic m√©nag connexion internet rapid bon petitd√©jeun personnel r√©cept tres ‚Ä¶,Positive,25
navon pass quun nuit e e √©tag personnel soir matin incroi serviabl devion d√©m√©nag h matin monast perm prendr petitd√©jeun ‚Ä¶,Neutral,21
cest sixiem fois s√©journ cet h√¥tel jai impression propret chambr laccueil chaleur jai re√ßu arriv tien remerci tout particuli personnel r√©cept ‚Ä¶,Positive,22
lint√©rieur magnif personnel tres professionnel h√¥tel id√©al coupl voyageur daffair proch nombreux caf restaur qualit comm pouv constat photos,Positive,19
endroit pratiqu confort actuel √©tag r√©nov pend ramadan restaur ferm cepend possibl dutilis cuisin d√©jeuner d√Æner chambr rezdechauss ‚Ä¶,Neutral,19
jy hi jav r√©serv nuit jai laiss nuit raison professionnel jai donc chois lh√¥tel business nav jam s√©journ endroit auss agr√©abl üåÉüåâüåå‚õ∫üòò tun cest sup propr ‚Ä¶,Positive,27
jai attribu √©toil taill chambr pouv pein boug chambr lacces toilet difficil caus port pli deux c√¥t ‚Ä¶,Neutral,18
bon endroit √©tap lor dun voyag bel h√¥tel prix raison bien situ rapport la√©roport wif bon gratuit personnel tres serviabl ‚Ä¶,Positive,21
voul test nouvel h√¥tel tun emplac nest id√©al loin centr m√©din sil proch dun rout principal b√¢t trouv quarti peu recommand don parking ‚Ä¶,Positive,24
recommand viv jai pass excellent s√©jour excellent h√¥tel servic impecc personnel tres sympath chambr propr excellent room servic excellent petitd√©jeun pass quatr ‚Ä¶,Positive,23
h√¥tel vrai excellent personnel formid offrant accueil chaleur servic irr√©proch chaqu emploi san except d√©vou confort trait gentilless sincer ‚Ä¶,Positive,20
hadil r√©cept tres sympath serviabl pass weekend d√©rang musiqu jou tard soir part cel cest h√¥tel tres agr√©abl confort jy retourn san h√©sit si jam rep l√†,Neutral,27
pass journ cet h√¥tel lor dun escal cest bon choix cel proch la√©roport chambr bien quun peu petit conven propr bien √©quip personnel pol ‚Ä¶,Positive,25
id√©al situ centrevill cet h√¥tel √©toil propos chambr r√©nov confort offre bon rapport qualit√©prix indispens davoir voitur tax transport commun tres limit personnel tres accueil,Positive,25
accueil exceptionnel chambr dun propret irr√©proch buffet somptueux personnel absolu charm not sawsan r√©cept maryam marw wasl restaur cet premi visit certain derni recommand viv cet h√¥tel cinq √©toil,Positive,29
typ dh√¥tel standard am√©ricain typiqu voyageur daffair dis mani posit accueil chaleur propret impecc personnel professionnel bon rapport qualit√©prix petitd√©jeun correct bref fonctionnel san fioritur,Positive,25
s√©jour lh√¥tel a tres agr√©abl chambr propr jol d√©cor personnel tres accueil lh√¥tel id√©al situ proxim la√©roport jy retourn san h√©sit lor prochain s√©jour tun,Positive,25
jai s√©journ cet h√¥tel chambr propr personnel r√©cept tres professionnel suit impr√©vu jai d√ª report voyag daffair comm cest souvent cas billet achet lign perd tout effectu report san aucun problem excellent reviendr sup,Positive,34
lh√¥tel a d√©pass tout attent excellent chambr prestat qualit petitd√©jeun bien meilleur pr√©vu si cherch endroit o√π s√©journ nh√©sit,Positive,19
bel chambr proch la√©roport personnel courtois demand chambr e e √©tag sinon musiqu e √©tag g√™n a bar e √©tag cher portion g√©ner cest tres enfum,Neutral,26
lh√¥tel global correct term dinfrastructur bruit proven restaurantterr e √©tag import lentend parfait e nos imagin e e √©tag weekend difficil ‚Ä¶,Positive,22
chambr propr ambianc agr√©abl bar panoram sixiem √©tag excellent demand chambr calm l√©cart bar,Positive,14
laccueil r√©cept saoussen particuli chaleur lensembl s√©jour sest bien pass sugger mieux inform client servic propos accompagn afin quil puissent profit plein,Positive,22
confort propr confort entrant lh√¥tel dit ¬´ voil√† professionnel ¬ª tien remerci chaleur personnel servic oper sp√©cial lh√¥tel barƒ±≈ü attent ‚Ä¶,Positive,21
jai pass nuit lh√¥tel cet tres bien personnel tres accueil particuli mme naour r√©cept nourritur bon a discothequ rezdechauss bar tap l√©tag recommand ‚Ä¶,Positive,24
mattend lorsqu group travail retard manquion lheur d√Æn restaur lh√¥tel attendr serveux serv remplac,Neutral,14
excellent h√¥tel excellent servic personnel r√©cept tres pol courtois petitd√©jeun pr√©par niveau √©lev plus styl personnel servic chambr confort tres propr merc ‚Ä¶,Positive,23
h√¥tel tres agr√©abl üè® personnel aimabl accueil propret irr√©proch ‚Ä¶,Neutral,10
excellent h√¥tel attent tres appr√©ci chambr comm machin caf nespresso lit oreiller tres confort seul b√©mol lh√¥tel tres d√©labr bar musical derni √©tag transmet vibrat autr √©tag,Neutral,27
excellent h√¥tel excellent servic personnel tres sympath chambr propr excellent servic chambr excellent rep excellent petitd√©jeun salon bar sup prix tres raison recommand viv cet h√¥tel,Positive,26
r√©serv jam cet h√¥tel jai appel lh√¥tel concern problem r√©serv contact bookingcom alor cet respons r√©ception d√©sagr√© n√©gligent mont jam rembours jai d√ª pai ‚Ç¨,Neutral,25
jai beaucoup appr√©ci s√©jour suit lh√¥tel business servic personnalis dun grand qualit merc tout l√©quip merc tout particuli saoussen toujour souri attent moindr d√©tail ¬´ meilleur ¬ª recommand cet endroit tous amis,Positive,32
tres brui caus musiqu manqu respect person affair regl matin ny retourn d√©conseil quiconqu souhait dorm nuit car linsonoris inexist,Neutral,20
lh√©berg servic tranquill exceptionnel jai h√¢t d√©couvr leur prochain prestat cest adress pr√©dilect depuis deux an recommand syst√©mat amis petitd√©jeun ‚Ä¶,Positive,21
tien exprim sincer gratitud chacun dentr accueil chaleur attention lh√¥tel tres confort propr id√©al situ commerc deux rempart vill just c√¥t remerc tout particuli cet atmospher si convivial,Positive,28
jai vrai appr√©ci servic professionnel lamabl gentilless person travaillent lh√¥tel surtout miss marw miss saossen miss mariem miss wissalgraz a tutt per lo sforzo che fai per soddisfar i tuoi client,Positive,31
h√¥tel plut√¥t symp tres proch centr personnel tres gentil serviabl ceux veulent d√©couvr tun cest parf,Positive,16
cest v√©rit h√¥tel daffair tous servic standard parf nuit alhamdulillah,Positive,10
cest h√¥tel vrai tres respect propr id√©al situ proch tous sit tourist personnel r√©cept souri toujour souri,Positive,17
honn√™t lh√¥tel excellent term dinstall daccueil petitd√©jeun tout fait correct cepend bruit musiqu discothequ assez fort,Positive,16
tres bel h√¥tel garag dessous h√¥tel import puisqu voyag moto chambr propr bon pet d√©jeun,Positive,15
h√¥tel exceptionnel c≈ìur tun recommand viv tout person passag mission centr personnel d‚Äôun grand gentilless tres professionnel immens merc r√©ception saousen ‚Ä¶,Negative,22
bonjour √©cris fair part immens d√©cept ‚Äì √™tre ‚Ä¶,Negative,9
v√©rit hont l‚Äôh√¥teller tunisien cet √©tabl n‚Äôa absolu rien d‚Äôun h√¥tel professionnel l‚Äôambianc indign d‚Äôun lieu cens accueil voyageur ‚Äî impossibl d‚Äôy trouv moindr calm repos ‚Ä¶,Negative,27
excellent s√©jour business h√¥tel j‚Äôai pass s√©jour exceptionnel cet √©tabl l‚Äôemplac parf plein c≈ìur tun facilit d√©plac affair ‚Ä¶,Negative,19
tres bon h√¥tel tres propr servic impecc personnel tres gentil restaur top ains petit d√©jeun recommandon,Negative,16
l‚Äôh√¥tel offre cadr agr√©abl calm propic d√©tent l‚Äôambianc chaleur personnel l‚Äôensembl accueil servic correct nourritur bon pourr √™tre peu plus vari quelqu ‚Ä¶,Negative,23
v√©rit sansfaut ‚Äì r√©f√©rent tun h√¥tel servic √©toil lux j‚Äôai s√©journ business h√¥tel tun ‚Äì montplais peux recommand chaud cet √©tabl coch absolu tout ‚Ä¶,Negative,25
l‚Äôhotel bon ladiscothequ jusqu√† h matin auss aujourd‚Äôhui apres deux nuite l‚Äôhotel reception m‚Äôa demand pai consomm min bar lachambr malgr n‚Äôai rien consomm a insist pai n‚Äôai rien consomm,Negative,30
j‚Äôai pass excellent s√©jour business hotel l‚Äô√©tabl propr bien entretenu parfait adapt s√©jour professionnel grand merc tout personnel gentilless professionnal ‚Ä¶,Negative,21
tres bon hotel propr personnel tre gentill serviabl pet d√©jeun a hauteur √©toil a refair,Negative,15
tres bel h√¥tel propr chaleur personnel extraordinair tres r√©actif serviabl grand gentilless conqu ambianc g√©n√©ral si a point n√©gat trouv manqu lumi ‚Ä¶,Negative,23
magnif h√¥tel √©quip tres professionnel recommand fort üá©üáøüáπüá≥ ‚Ä¶,Negative,9
h√¥tel sublim tres pratiqu nourritur d√©lici personnel accueil chaleur surtout marou fill r√©cept chambr tres sup propres‚ù§Ô∏è,Negative,17
j‚Äôai r√©serv booking suit mois avant d‚Äôarriv garant r√©serv cart cr√©ditl jour dev arriv l‚Äôh√¥tel h a h re√ßois notif booking cart refus pai ‚Ä¶,Negative,25
jai pass jour cet h√¥tel franch impecc lh√¥tel propr chambr tres symp personnel tres pro tres symp √©gal peux boir verr roof top a l√©tag jai bien appr√©ci ‚Ä¶,Negative,29
s√©journ pension cet h√¥telendroit propr cuisin tres copieux pension sp√©cial l√©quip monsieur s√©cur üòâ mohamed bel oumaim mim tous aid mieux merc ‚Ä¶,Negative,23
s√©journ plusieur fois a lh√¥tel business hotel tun cest vrai tres bel h√¥tel pratiqu bien situ rapport besoin merc a tte l√©quip sest occup dur s√©jour d√©but mar ‚Ä¶,Negative,29
tres bel h√¥tel chambr spacieux dun propret impecc deux bar dont derni √©tag o√π lon peut boir cocktail regard vu servic impecc cet h√¥tel fr√¥l pratiqu perfect recommand ‚Ä¶,Negative,29
j‚Äôai pass semain cet h√¥tel j‚Äôet tres satisfait √©quip chaleur commenc r√©cept traver oumaim r√©ception tres accueil d√© arriv l‚Äô√©quip s√©cur auss tres ‚Ä¶,Negative,24
‚ÄºÔ∏è‚ÄºÔ∏è√† cherch l‚Äôav plus honn√™t ‚ÄºÔ∏è‚ÄºÔ∏è bel entr√© odeur jasmin caress narinesüå∏üå∏ ‚Ä¶,Negative,13
tout bien seul inconv√©nient musiqu tap oreil jusqu√† h matin malgr maint r√©clam,Negative,13
horribl pass chemin discothequ lh√¥tel pass pir nuit tunis tout simpl h√¥tel voyageon beaucoup ‚Ä¶,Negative,15
tres bon chambr personnel top trop brui nuit aller cet h√¥tel repos grand chos a fair alentour a pied,Negative,19
h√¥tel bo√Æt nuit toit‚Ä¶ a bruit tous soir impossibl dorm avant h matin probl√©mat h√¥tel ¬´ business ¬ª c‚Äôest dommag car chambr bien personnel agr√©abl,Negative,25
accueil chaleur personnel l√©cout servic impecc nourritur boisson ‚ù§Ô∏è,Negative,9
impeccabled laccueil souri tout l√©quip petitd√©jeun d√©lici copieux tres vari s√©jour encor fois parf propret chambr d√©cor recherch liter xxl repos bien m√©rit prim lun sky bar loung restaur tres tendanc musiqu liv,Negative,33
hotel magnif propr personnel tres chaleur bouff vrai d√©lici serveur professionnel riadh merc magnif accueil mme sawssen r√©cept ador ü•∞ ‚Ä¶,Negative,21
chambr agr√©abl global propr bar eme √©tag agr√©abl accueil agr√©abl revanch √©tabl voisin bar l√©tag musiqu fond ‚Ä¶,Negative,18
lh√¥tel qualit pr√©senc dun boit nuit roof top permet trouv calm lon peut esper dorm cest dommag,Negative,17
franch arnaqu a ciel ouvert j‚Äôai s√©journ pend jour j‚Äôai voulu demand l‚Äôav habill machin disent tout pass bien jusqu‚Äô√† fin s√©jour demand regl dinar ‚Ä¶,Negative,26
h√¥tel propr d√©cor go√ªt personnel tres sympath liter tres confort lit gigantesqu ‚Ä¶,Negative,13
cet h√¥tel devr √™tre √©toil plut√¥t √©toil chambr joint douch crasseux a trac doigt gras peu partout d√©co vu chambr don autr appart bruit ‚Ä¶,Negative,25
vrai bon choix sejour professionnel tun personnel tres disponibl professionnel chambr impecc tous servic n√©cessair superb qualit restaur disponibl sein l√©tabl ‚Ä¶,Negative,22
posit excellent pet d√©jeun tres vari bon h√¥tel propr bon servic ‚Ä¶,Negative,12
tres bel h√¥tel confort propr servic qualit met succulent plus rooftop moin peu brui nuit manqu qu‚Äôun sall sport parfair servic cet h√¥tel,Negative,23
pass excellent s√©jour suit hannibal rien dir chambr vrai parfait tien remerci saoussen accueil disponibil sourir ‚Ä¶,Negative,17
pet hotel centr vill bon emplac servic tr√© aimabl chambr propr bon rapport qualit prix petit moin vu ru bruit sonos deux bar lhotel nuit weekend recommand difficil trouv mieux prix,Negative,31
bonjour d√©conseil cet h√¥tel surtout si cest s√©jour professionnel premi soir oblig chang drap t√¢ch nourriturechambr tres mal insonoris demand tax ‚Ä¶,Negative,22
pens commenc posit alor chambr n‚Äôai rien dir c‚Äôest r√©cept auss personnel l‚Äô√©cout client pend point d√©plais ‚Ä¶,Negative,18
business h√¥tel h√¥tel o√π l‚Äôon sent comm chez soic m√©rit revient personnel chaleur dynam sympath surtout professionnel ‚Ä¶,Negative,18
excellent h√¥tel personnel disponibl souri agr√©abl tres gentil room servic qualit chambr propr lit tres confort ‚Ä¶,Negative,17
servic irr√©proch collabor collabor cet √©tabl tres cordial efficac chambr tres confort lit haut qualit servic chambr sup √©tabl recommand tout leur prestat,Negative,23
concern the lun sky loung √®me bel endroit ambianc tres bon rep copieux d√©lici b√©mol musiqu tres fort donc pratiqu soir group s‚Äôentendr parl serveur chaleur accueil a l‚Äô√©cou,Negative,29
servic parf tres bel accueil personnel top tres tres bel chambr recommand monsieur eric,Negative,14
r√©serv fait vi h√¥tel bed pai d√©bit a arriv res cacophon total resolv situat car h√¥tel rien a voir problem passag sit evit car problem arriv deux ‚Ä¶,Negative,28
h√¥tel nest compatibl tout una bo√Æt nuit jou musiqu tr√© fort nuit point lon peut √©cout d√© chambr doivent chois sil veulent √™tre h√¥tel bien bo√Æt nuit san aucun ‚Ä¶,Negative,30
h√¥tel bien situ plein centr tun chambresuit tres propr chaleur pet d√©jeun top vari√©sviennoiseriescrepesfruitsyaourtsnb point plus fort personnel top toujour l√©cout merc a,Negative,23
j‚Äôy l‚Äôinst o√π j‚Äôecr commentair merc moment exceptionnel r√©serv suit c‚Äôest san regret tout parf pass moment plus agr√©abl merc infin reviendron tres vit,Negative,24
catastroph bo√Æt nuit er etag mur lh√¥tel carton plaint r√©cept tout personnel sen fout jam vu ca h√¥tel pr√©tend business pratiqu tarif ahur,Negative,23
hotel tres bien plac chambr correspondent photo nois avion pourtan pris chambr sup√©rieur chambr nest tres propr sall baim nickel contr tres bon petitd√©jeun tout etais bon neuf,Negative,28
passag nuit business h√¥tel tun passag r√©uss liter tres confort ident standard europ√©en chambr bien √©quip min bar nespresso ect ‚Ä¶,Negative,21
voyag pro tres bel accueil personnel chaleur gentil l‚Äô√©cout r√©pondr demand plat tres copieux rebond contr bruit nuit musiqu jusqu√† minuit voir plus tard caus ‚Ä¶,Negative,26
met √©toil pourt jador met d√©tail point posit √©toil laccueil restaur menu top üîù lhygien chambr extra lit excellent d√©tail douch verr ‚Ä¶,Negative,23
bon h√¥tel simpl propr tout soir entend musiqu bo√Æt nuit trouv derni √©tag l‚Äôh√¥tel,Negative,14
a pass nuit suit √®me √©tag cet top personnel serviabl souri pet d√©jeun vari correct,Negative,15
cadr tres modern chaleur pet b√©mol environ tourist lh√¥tel soigneux d√©cor propr loung topissim üëçüòú ‚Ä¶,Negative,16
h√¥tel top personnel tres sympath chambr grand class lit sup confort propret irr√©proch recommand fort cet √©tabl,Negative,17
accueil chaleur servic soign excellent h√¥tel business,Negative,7
chambr confort personnel accueil cuisin correct just pet b√©mol lun sky peu brui di just dessous cest tel agr√©abl dy pass moment quon pardon presqu üòú ‚Ä¶,Negative,27
hotel peux cher fac servic trop bruit nuit caus disco demand pet deuj chambr oubli,Negative,15
jai beaucoup aim cet h√¥tel accueil tres chaleur personnel a √©cout particuli mr bibel servic mainten a intervenu dur s√©jour tres bon technicien gard pr√©cieux recommand cet h√¥tel si souhzit pass bon s√©jour mr mme tlil,Negative,36
v√©rit vitrin tunis modern alli modern ident business hotel h√¥tel d‚Äôaffair c≈ìur centr vill tun id√©al situ quarti d‚Äôaffair montplais mn celui berg lac ‚Ä¶,Negative,25
trop bruit bar nest h√¥tel destin a s√©jour professionnel sall bain tres propr tres mauvais odeur serviet bain tres d√©√ßu,Negative,20
bjsiness hotel bon hotel centr vill con beaucoup plus soire hivernal rooftop bien organis group invit symp not negat porti a hauteur endroit,Negative,23
comport mafieux r√©serv suppr r√©serv quelqu heur apres arriv lhotel pend voyag lavion,Negative,13
jy all√© mang bon ambianc peut fum lint√©rieur cest peu plus cher dautr restaur tun,Negative,15
lieu sympath tranquill h jusqu h puis ya musiqu liv sinon bb bien sup servic peu lent,Negative,17
tres difficil trouv o√π gar chambr tres brouill nuit impossibl dorm calm caus restaur spectacl √®me etag sercic tres lent,Negative,20
personnel tres agr√©abl trop bruit restaur bo√Æt nuit er eme √©tag weekend,Negative,12
chaleur convivial emplac tres d√©licat peut gar facil laccessibil auss tres difficil voitur pend journ,Negative,15
bel √©tabl tres bon accueil tt ok sauf √©clairag sdb faibl,Negative,11
accueil tres chaleur chambr propr petitd√©jeun copieux rooftop agr√©abl,Negative,9
tres bon h√¥tel personnel agr√©abl propret calm,Negative,7
bel exp√©rient,Negative,2
deux bar cet √©tabl sint formel interdit indigen non privil√©gi sous pr√©text dr√¥l fragil jesper quil courag mention clair √©pargn humili gratuit port,Negative,23
propr,Negative,1
structur clean personnel aimabl seul min la√©roport seul souc wif march,Negative,11
superb tre calm gen tre gentil chaleur seulment jai pass heur trouv voitur revien conseil,Negative,15
h√¥tel symp centr detun contr gar faut aller desserv transport,Negative,10
sup ambianc exelent accueil part recept monsieur mana ayar remerc √©norm,Negative,11
jai pass agr√©abl s√©jour cet √©tabl mention sp√©cial sawsan sofian amir,Negative,11
loung restaur qualit reviendron l‚Äôh√¥tel,Negative,5
sup accueil personnel tres compet serviabl tres gentil,Negative,8
chambr nikel personel pet soin seul bemol bruit boit nuit sauf f√©tard vrai aubain,Negative,14
excellent servic lh√¥tess daccueil rihab souri professionnel,Negative,7
ger lun sky mm pa communiqu client dun fa√ßon respect,Negative,10
servic top chambr impecc recommand yeux ferm merc ‚ù§Ô∏è,Negative,9
tres bon ambianc ok hygien ok bouff ok agent s√©cur respectu no,Negative,12
tre convivial accueil cadr idyll,Negative,5
tres mauv h√¥tel conseil fair bon gateau,Negative,7
lieu convivial staff tres accueil,Negative,5
bon s√©jour malgr musiqu tres fort weekend,Negative,7
top buffet d√©jeun sp√©cial local excellent,Negative,6
tres cher rapport qualit√©prix faut meilleur servic prix l√†,Negative,9
servic nest tres rapid dur heur fort affluenc,Negative,8
parm meilleur h√¥tel √©toil,Negative,4
parking a lext√©rieur lh√¥tel,Negative,4
top top,Negative,2
staff ü•á‚úÖ ‚Ä¶,Negative,3
lieu agr√©abl correct personnel professionnel,Negative,5
excellent buffet servic,Negative,3
lieu chaleur bon restaur,Negative,4
confort pratiqu plein centr vill,Negative,5
symp trop cher,Negative,3
tres beau h√¥tel,Negative,3
bon hotel,Negative,2
tres bon accueil servic,Negative,4
r√©ception souri serviabl,Negative,3
tres bel coin,Negative,3
lador,Negative,1
no text,Negative,2
endroit tres sympath,Negative,3
lux,Negative,1
bien,Neutral,1
bon ambianc,Neutral,2
excellent,Neutral,1
lieux agr√©abl,Neutral,2
comm maison,Neutral,2
h√¥tel vill centr vill,Neutral,4
ambianc intim,Neutral,2
h√¥tel voyag daffair,Neutral,3
magnif,Neutral,1
üè©üè©üè©üè©üç∏üç∫üç∑üçπüçªüçñüçóüç¢üç°üçùüåáüåá ‚Ä¶,Neutral,2
h√¥tel professionnel,Neutral,2
pai tnd chambr tnd d√Æn restaur l‚Äôh√¥tel moment d√©part r√©cept a fait attendr v√©rifi minibar‚Ä¶ alor qu‚Äôil conten chos dep tnd ‚Ä¶,Neutral,22
lh√¥tel bien situ plein centr tun quarti montplais proxim lavenu habib bourguib m√©tro chambr propr climatis insonoris plut√¥t petit restaur espac ‚Ä¶,Neutral,22
lh√¥tel magnif tres propr personnel r√©cept accueil toujour souri chambr peu petit lit tres confort ‚Ä¶,Neutral,16
musiqu club r√©son emp√™ch dorm tout nuit r√©ception arriv d√©sagr√© a dit asseoir pend quel v√©rifi passeport fait sattend ‚Ä¶,Neutral,20
tant quancien h√¥teli jai chaleur accueil r√©cept chambr tres propr hasan monsieur sest occup transfert ver sfax sest montr particuli serviabl pr√©ven recommand viv cet h√¥tel,Neutral,26
√©quip formid sympath tres serviabl omaym r√©ception exceptionnel fait sent comm maison pend s√©jour ‚Ä¶,Neutral,15
business hotel distingu propret qualit servic personnel r√©cept exceptionnel jai accueil mme susan trait plus grand professionnal offert surclass ‚Ä¶,Neutral,20
cest tres bel h√¥tel laccueil r√©cept parf tout personnel attention cest h√¥tel dun propret irr√©proch,Neutral,15
d√©but dit ressort maghreb pai tax s√©jour dev simpl pr√©sent docu prouv national marocain moment d√©part soudain chang ‚Ä¶,Neutral,19
chambr peu petit vaut mieux √©vit chambr pres toit caus bruit bar,Neutral,12
r√©ception tres accueil surtout mohamed serviabl tres sympath suit agr√©abl pr√©par pet d√©jeun heur matin avant vol recommand cet h√¥tel,Neutral,20
jai ador s√©jour business hotel latmospher lh√¥tel relax petitd√©jeun d√©lici grand merc omaim mohammed r√©cept tres gentil serviabl merc,Neutral,19
s√©journ cet h√¥tel voyag trois jour vill malheur lexp√©rient na r√©pondu attent ‚Ä¶,Neutral,13
proch la√©roport minut voitur gar jy pass nuit cest correct rien sp√©cial ‚Ä¶,Neutral,13
plus beau h√¥tel tun offrant servic exceptionnel prestat luxueux emplac id√©al proxim l‚Äôa√©roport mus bardo m√©dina‚Ä¶ chambr propr confort personnel tres aimabl serviabl accueil,Neutral,24
symp propr convivial musiqu disco vrai trop agac,Neutral,8
jai pass s√©jour global agr√©abl chambr propr bien entretenu lexcept quelqu ‚Ä¶,Neutral,12
bon h√¥tel conform standard local prix raison personnel tres aimabl nourritur bon fra√Æch petitd√©jeun propos larg choix emplac strateg travailleur ‚Ä¶,Neutral,21
chambr tres propr bien situ servic serviabl,Neutral,7
jai s√©journ lh√¥tel samed soir entre deux vol lenregistr a tres rapid s√©cur lentr professionnel cepend musiqu pubbo√Æt nuit insupport pend jet r√©cept ‚Ä¶,Neutral,24
avis tatjan m√∂lter a jour googl mar pass jour cet h√¥tel chambr correct petitd√©jeun passabl tout cel import peu puisqu navon ferm l≈ìil ‚Ä¶,Neutral,24
cest peut√™tr troisiem fois s√©journ cet h√¥tel jai d√©cid partag avis car m√©rit vrai excellent critiqu jy pass jour long voyag daffair jai ador emplac id√©al ‚Ä¶,Neutral,27
tout parf,Neutral,2
lemplac lh√¥tel discut tout comm linsonoris fen√™tr don ru cest tout trouv h√¥tel d√©cor beaucoup go√ªt dun propret exceptionnel personnel incroi ‚Ä¶,Neutral,22
lh√¥tel business lun meilleur jy s√©journ septembr souhait partag exp√©rient cet h√¥tel vrai exceptionnel personnel extr√™m aimabl pol chambr impecc ‚Ä¶,Neutral,21
cest h√¥tel raison situ centr vill tunis peux dir cest h√¥tel lux cest bon option ceux aiment s√©journ h√¥tel prix servic raison,Neutral,22
excellent h√¥tel nourritur parfait personnel tres sympath disponibl voic quelqu conseil am√©lior lexp√©rient r√©duis bruit proven toit car peut √™tre difficil dorm nuit utilis shampoing apr√®sshampoing meilleur qualit,Neutral,28
jai r√©serv sit lh√¥tel arriv r√©serv nav fonction dit sit hor servic depuis trois mois chambr cens √™tre nonfumeur sent fum ‚Ä¶,Neutral,22
lh√¥tel vrai symp chambr propr confort fais vrai chaud climatis fais rien tout a auss bar toit √®me √©tag diffus musiqu fond donc difficil dorm,Neutral,25
f√©licit jai pass excellent moment personnel tres aimabl serviabl grand merc marw mariam saoussen d√©sol rep plat arriv temp entr√© plat principal dessert refroid glac not fond pr√©fer pr√©par deux fois,Neutral,31
meilleur soir tun merc,Neutral,4
magnif h√¥tel merc mehd narj maryam respons s√©cur tout personnel cest h√¥tel vrai √©leg personnel extr√™m pol courtois petitd√©jeun l√©gendair,Neutral,20
cest h√¥tel fantast tres modern bien situ personnel charm servic impecc petitd√©jeun d√©lici dexcellent qualit jy s√©journ deux fois premi fois arriv annonc ‚Ä¶,Neutral,24
tres bel h√¥tel malheur trop brui soir caus salon ciel ouvert situ sixiem √©tag entend musiqu bass puiss jusquau deuxiem √©tag cest donc h√¥tel daffair ‚Ä¶,Neutral,26
net premi fois lun sky hi soir amis vont assez souvent jai donc loccas accompagn deux fois fois anniversair puisquil chois f√™t l√†b hi soir ‚Ä¶,Neutral,26
